service,destination,first_kg_price,add_kg_price,max_weight_kg,size_class
air,阿富汗,219.1,72.1,30,1
air,阿尔巴尼亚,161.4,57.9,20,1
air,阿尔及利亚,163.7,77.3,20,3
air,美国,158.5,95.0,31.5,3
air,东萨摩亚,160.7,95.0,31.5,3
air,安道尔,185.3,68.3,30,3
air,安哥拉,203.0,106.6,20,2
air,安圭拉,161.5,96.6,20,1
air,安提瓜和巴布达,170.5,105.6,20,3
air,阿根廷,249.8,138.5,20,3
air,亚美尼亚,170.9,61.2,20,2
air,阿松森岛,192.9,123.3,30,3
air,澳大利亚,143.8,70.0,20,3
air,奥地利,153.8,60.4,31.5,2
air,阿塞拜疆,167.3,65.0,30,2
air,亚速尔群岛和马德拉群岛,189.3,78.4,20,3
air,巴哈马群岛,169.0,93.7,20,3
air,巴林,137.7,51.5,30,1
air,孟加拉,119.3,45.5,20,1
air,巴巴多斯,160.9,95.1,20,3
air,白俄罗斯,134.8,56.3,30,3
air,比利时,210.2,51.7,30,2
air,伯里兹,174.4,99.4,25,1
air,贝宁,166.1,97.7,30,1
air,百慕大群岛,192.1,93.3,20,2
air,不丹,135.9,45.5,30,2
air,玻利维亚,252.6,151.3,20,3
air,波黑,167.4,75.8,31.5,2
air,博茨瓦纳,211.7,115.3,30,1
air,巴西,240.2,122.5,30,3
air,文莱达鲁萨兰,110.7,45.8,30,2
air,保加利亚,144.2,58.5,30,1
air,布基纳法索,196.8,106.7,30,1
air,布隆迪,217.7,112.0,30,2
air,卡奔达,203.0,106.6,20,2
air,柬埔寨,104.2,39.3,30,3
air,喀麦隆,194.4,97.2,30,1
air,加拿大,137.7,72.0,30,1
air,加那利群岛,165.9,135.0,30,3
air,佛得角,191.1,94.7,20,1
air,加罗林群岛马里亚纳群岛,160.7,95.0,31.5,3
air,开曼群岛,194.3,106.0,10,1
air,中非共和国,225.4,107.6,30,2
air,乍得,195.7,105.3,30,2
air,智利,214.5,129.2,30,1
air,圣诞岛,141.4,70.0,20,3
air,科科斯群岛洛德豪岛,141.4,70.0,20,3
air,哥伦比亚,212.7,137.6,50,2
air,科摩罗,191.7,122.1,20,1
air,刚果民主共和国,227.3,117.2,30,1
air,刚果共和国,224.0,109.8,30,3
air,库克群岛,150.0,73.8,20,3
air,哥斯达黎加,172.3,102.3,30,1
air,科特迪瓦,196.3,98.5,30,1
air,克罗地亚,155.1,70.4,30,3
air,古巴,192.6,106.9,10,2
air,塞浦路斯,156.8,75.9,30,2
air,捷克共和国,157.2,71.5,30,1
air,丹麦,161.2,70.8,20,2
air,吉布提,176.0,91.5,30,2
air,多米尼克,161.1,96.2,22,
air,多米尼加共和国,164.1,99.2,25,1
air,厄瓜多尔,220.2,114.5,30,3
air,埃及,155.6,60.4,30,1
air,萨尔瓦多,172.7,97.1,20,2
air,赤道几内亚,158.5,93.6,20,3
air,厄立特里亚,197.3,96.2,20,3
air,爱沙尼亚,149.2,52.8,30,2
air,埃塞俄比亚,155.2,95.1,31.5,3
air,法罗群岛,161.2,70.8,20,2
air,斐济,135.5,74.8,20,3
air,芬兰,203.9,79.0,31.5,3
air,法国,185.3,68.3,30,3
air,法属圭亚那,238.0,116.3,20,2
air,法属波利尼西亚,234.0,107.5,30,2
air,加蓬,199.7,104.5,20,1
air,冈比亚,205.8,94.5,30,2
air,格鲁吉亚,177.6,63.4,30,3
air,德国,190.9,69.5,31.5,3
air,加纳,183.5,83.5,30,1
air,直布罗陀,151.6,79.0,20,2
air,希腊,133.5,59.7,20,2
air,格陵兰岛,161.2,70.8,20,2
air,格林纳达,163.5,97.0,20,3
air,瓜德罗普岛,229.0,107.3,20,2
air,危地马拉,167.1,93.8,30,1
air,几内亚,161.1,96.2,30,1
air,几内亚比绍,243.8,89.1,20,3
air,圭亚那,146.0,81.4,20,2
air,海地,184.1,119.2,31.5,1
air,夏威夷群岛关岛,160.7,95.0,31.5,3
air,洪都拉斯,191.1,100.7,20,3
air,匈牙利,145.1,57.0,20,1
air,冰岛,179.8,83.4,30,2
air,伊夫尼,166.5,80.8,20,2
air,印度,155.6,57.7,20,3
air,印度尼西亚,94.6,38.7,30,2
air,伊朗,182.3,81.7,20,2
air,伊拉克,191.8,75.2,30,2
air,爱尔兰,162.2,72.4,30,2
air,以色列,192.2,95.8,20,2
air,意大利,159.3,71.2,30,2
air,牙买加,164.6,99.7,20,1
air,日本,124.2,29.6,30,2
air,约翰斯敦岛,160.7,95.0,31.5,3
air,约旦,157.3,71.6,31.5,3
air,哈萨克斯坦,100.9,30.5,20,3
air,肯尼亚,191.1,97.1,30,3
air,金门岛,160.7,95.0,31.5,3
air,基里巴斯,166.8,101.4,30,1
air,朝鲜民主主义人民共和国,143.7,24.8,20,3
air,韩国,98.3,21.3,20,3
air,科威特,155.4,64.6,30,3
air,吉尔吉斯斯坦,108.2,28.5,20,3
air,老挝,149.5,41.4,30,3
air,拉脱维亚,127.4,54.8,30,3
air,黎巴嫩,141.1,55.4,30,3
air,莱索托,218.6,117.5,20,1
air,利比里亚,144.7,84.6,20,1
air,利比亚,154.6,64.2,20,2
air,列支敦士登,153.3,68.5,30,2
air,立陶宛,148.7,52.3,30,3
air,卢森堡,155.8,67.7,30,1
air,马其顿,159.1,75.2,30,2
air,马达加斯加,238.1,119.7,20,3
air,马拉维,221.5,121.5,30,1
air,马来西亚,82.6,26.7,30,1
air,马尔代夫,187.2,68.2,20,1
air,马里,192.1,99.4,30,2
air,马耳他,162.8,65.8,30,3
air,马尔维纳斯福克兰群岛,222.9,122.8,30,2
air,马绍尔群岛,160.7,95.0,31.5,3
air,马提尼克岛,229.7,108.0,20,2
air,毛里塔尼亚,203.2,96.7,30,3
air,毛里求斯,140.0,81.6,30,3
air,墨西哥,172.4,90.5,31.5,2
air,中途岛威克岛,160.7,95.0,31.5,3
air,摩尔多瓦,163.0,60.7,20,2
air,摩纳哥,185.3,68.3,30,3
air,蒙古,117.2,33.3,30,2
air,蒙特塞拉特岛,170.8,105.9,20,3
air,摩洛哥,166.5,80.8,30,1
air,莫桑比克,247.6,121.3,30,1
air,缅甸,88.8,28.7,20,3
air,纳米比亚,283.0,181.3,20,2
air,瑙鲁,160.0,95.1,20,3
air,尼泊尔,127.6,49.1,20,3
air,荷兰,158.9,68.5,30,2
air,荷属安的列斯群岛,198.2,117.3,25,1
air,新喀里多尼亚岛,206.4,79.9,20,2
air,新西兰,171.1,101.5,30,2
air,尼加拉瓜,174.0,95.5,30,1
air,尼日尔,189.4,107.6,30,2
air,尼日利亚,171.1,83.0,30,1
air,诺福克岛,141.4,70.0,20,special
air,挪威,179.4,75.9,30,2
air,阿曼,150.8,54.4,20,2
air,东帝汶,48.5,22.3,20,1
air,巴基斯坦,136.0,50.3,50,2
air,巴拿马,181.0,110.2,30,3
air,巴布亚新几内亚,183.4,67.3,20,3
air,巴拉圭,227.6,145.1,20,1
air,秘鲁,235.3,147.0,31.5,3
air,菲律宾,113.2,35.5,20,3
air,皮特克恩岛,157.1,87.5,20,2
air,波兰,139.4,56.1,20,2
air,葡萄牙,191.0,80.1,30,2
air,波多黎各,158.5,95.0,31.5,3
air,卡塔尔,135.1,53.2,30,2
air,留尼汪岛,240.7,119.0,20,2
air,罗马尼亚,150.3,57.7,30,3
air,俄罗斯联邦,170.2,59.3,20,3
air,卢旺达,194.7,108.4,30,2
air,圣马力诺,159.3,71.2,30,2
air,圣多美和普林西比,170.7,101.1,30,2
air,沙特阿拉伯,144.5,76.7,30,1
air,塞内加尔,189.1,96.9,20,2
air,塞舌耳,171.2,98.6,30,3
air,塞拉利昂,177.1,90.1,30,1
air,锡金,163.0,65.1,20,2
air,新加坡,91.0,35.1,30,2
air,斯洛伐克,149.1,72.3,20,1
air,斯洛文尼亚,161.6,71.2,30,1
air,所罗门群岛,169.0,99.4,20,3
air,南非,210.2,117.1,30,3
air,南乔治亚岛和南桑德维奇岛,223.5,123.4,20,2
air,西班牙,166.0,72.0,30,3
air,斯里兰卡,121.5,44.5,30,2
air,圣赫勒拿岛,211.9,118.8,20,3
air,圣基茨和尼维斯岛,170.3,105.4,20,1
air,圣卢西亚,185.2,107.1,20,1
air,圣皮埃尔和密克隆群岛,215.4,88.9,20,2
air,圣文森特和格林纳丁斯,188.2,104.7,20,1
air,苏丹,197.5,73.1,30,1
air,苏里南,172.7,107.8,20,1
air,斯威士兰,182.8,116.0,20,3
air,瑞典,184.9,57.6,20,2
air,瑞士,161.0,68.8,30,2
air,叙利亚,128.7,54.9,30,2
air,塔吉克斯坦,110.0,35.6,20,2
air,坦桑尼亚,195.7,107.5,30,1
air,泰国,83.7,27.8,30,2
air,多哥,188.9,99.1,30,1
air,汤加,161.4,91.8,20,3
air,特立尼达和多巴哥,158.2,93.3,20,1
air,特里斯坦达库尼亚群岛,204.7,122.4,10,3
air,突尼斯,145.2,80.3,30,2
air,土耳其,158.9,82.1,30,2
air,土库曼斯坦,120.0,33.1,20,2
air,特克斯和凯科斯群岛,164.1,99.2,20,3
air,图瓦卢,162.3,92.7,20,3
air,乌干达,179.1,94.6,30,2
air,乌克兰,161.2,54.1,30,3
air,阿拉伯联合酋长国,124.9,51.1,30,1
air,英国,162.3,76.6,30,2
air,乌拉圭,249.3,133.4,30,1
air,乌兹别克斯坦,127.3,20.8,20,3
air,瓦努阿图,152.6,83.0,25,3
air,凡蒂冈,139.7,74.8,20,2
air,委内瑞拉,200.6,107.8,30,3
air,英属维尔京群岛,168.4,103.5,20,3
air,美属维尔京群岛,160.7,95.0,31.5,3
air,瓦里斯和富图纳群岛,220.9,94.4,20,3
air,西萨摩亚,163.5,93.9,30,3
air,也门共和国,166.5,92.7,30,1
air,赞比亚,212.1,120.5,30,1
air,津巴布韦,213.8,111.5,30,1
air,塞尔维亚,169.5,56.5,30,2
air,黑山,169.5,56.5,30,2
surface,阿富汗,160.5,27.5,30,1
surface,美国,83.5,20.0,31.5,3
surface,东萨摩亚,83.5,20.0,31.5,3
surface,安哥拉,125.3,24.2,20,2
surface,澳大利亚,88.8,15.0,20,3
surface,奥地利,116.1,22.7,31.5,2
surface,巴林,108.5,17.6,30,1
surface,孟加拉,93.7,19.9,20,1
surface,比利时,164.2,5.7,30,2
surface,不丹,118.4,23.2,30,2
surface,玻利维亚,133.5,32.2,20,3
surface,巴西,139.4,21.7,30,3
surface,文莱达鲁萨兰,82.9,18.0,30,2
surface,布隆迪,136.7,26.3,30,2
surface,卡奔达,124.9,23.8,20,2
surface,柬埔寨,83.0,18.1,30,3
surface,加拿大,86.2,22.7,30,1
surface,佛得角,120.3,23.9,30,3
surface,加罗林群岛马里亚纳群岛,83.5,20.0,31.5,3
surface,开曼群岛,135.5,42.4,10,1
surface,圣诞岛,86.4,15.0,20,3
surface,科科斯群岛洛德豪岛,86.4,15.0,20,3
surface,科摩罗,137.1,67.5,20,1
surface,库克群岛,107.3,18.8,20,3
surface,塞浦路斯,99.4,13.7,30,2
surface,捷克共和国,107.8,22.1,30,1
surface,丹麦,105.3,14.9,20,2
surface,吉布提,105.5,16.3,20,2
surface,埃及,119.4,19.4,30,1
surface,赤道几内亚,93.6,23.9,20,2
surface,埃塞俄比亚,88.0,23.1,31.5,3
surface,法罗群岛,105.3,14.9,20,2
surface,斐济,79.3,13.9,20,3
surface,芬兰,145.5,20.6,31.5,3
surface,法国,131.0,14.0,30,3
surface,法属波利尼西亚,143.4,21.7,30,2
surface,冈比亚,151.7,35.7,30,2
surface,德国,140.8,19.4,31.5,3
surface,加纳,124.7,20.0,30,1
surface,危地马拉,94.0,20.7,30,1
surface,几内亚,69.7,9.6,30,1
surface,几内亚比绍,177.9,23.2,20,3
surface,海地,108.2,38.6,50,3
surface,夏威夷群岛关岛,85.8,22.3,31.5,3
surface,洪都拉斯,116.2,25.8,20,2
surface,匈牙利,106.5,18.4,20,1
surface,伊夫尼,102.8,17.1,20,2
surface,印度,111.7,13.8,20,2
surface,印度尼西亚,66.5,10.6,30,2
surface,伊朗,123.9,18.6,30,1
surface,以色列,112.8,16.4,20,2
surface,意大利,99.8,11.7,30,2
surface,日本,108.0,13.4,30,2
surface,约翰斯敦岛,83.5,20.0,31.5,3
surface,约旦,107.2,16.8,31.5,3
surface,哈萨克斯坦,82.8,12.4,20,3
surface,肯尼亚,102.4,17.7,30,3
surface,金门岛,85.8,22.3,31.5,3
surface,基里巴斯,83.1,17.7,30,1
surface,朝鲜民主主义人民共和国,131.8,12.9,20,3
surface,韩国,87.9,10.9,20,3
surface,科威特,111.2,15.6,30,1
surface,吉尔吉斯斯坦,95.5,15.8,20,3
surface,老挝,138.1,30.0,30,2
surface,莱索托,124.7,23.6,20,1
surface,利比里亚,88.5,23.6,30,1
surface,利比亚,115.5,20.3,20,2
surface,马达加斯加,135.4,17.0,20,3
surface,马拉维,129.3,29.3,30,1
surface,马来西亚,67.9,12.0,30,1
surface,马尔代夫,145.3,26.3,20,1
surface,马绍尔群岛,83.5,20.0,31.5,3
surface,毛里求斯,78.7,15.5,30,3
surface,墨西哥,103.4,21.5,31.5,2
surface,中途岛威克岛,85.8,22.3,31.5,3
surface,蒙古,99.0,15.1,30,2
surface,摩洛哥,102.8,17.1,30,1
surface,莫桑比克,150.2,23.9,50,1
surface,缅甸,69.7,9.6,20,3
surface,纳米比亚,124.5,22.8,20,2
surface,瑙鲁,84.9,20.0,20,2
surface,尼泊尔,82.7,8.9,20,3
surface,荷兰,104.7,14.3,30,2
surface,荷属安的列斯群岛,146.7,65.8,25,1
surface,新喀里多尼亚岛,136.9,15.2,20,2
surface,新西兰,116.4,18.8,30,2
surface,诺福克岛,86.4,15.0,20,special
surface,挪威,134.6,31.1,30,2
surface,阿曼,129.1,18.8,20,1
surface,东帝汶,29.8,3.6,20,1
surface,巴基斯坦,95.1,9.4,50,2
surface,巴布亚新几内亚,130.5,14.4,20,3
surface,菲律宾,95.2,17.5,20,1
surface,皮特克恩岛,90.2,20.6,20,2
surface,波多黎各,83.5,20.0,31.5,3
surface,卡塔尔,97.7,15.8,30,2
surface,留尼汪岛,137.3,15.6,20,2
surface,卢旺达,113.7,22.7,30,2
surface,圣多美和普林西比,93.2,23.6,30,3
surface,沙特阿拉伯,86.6,17.0,30,1
surface,塞舌耳,86.0,13.4,30,3
surface,塞拉利昂,126.0,34.3,30,1
surface,锡金,111.7,13.8,20,2
surface,新加坡,66.8,10.9,30,2
surface,所罗门群岛,78.7,13.8,20,3
surface,南非,110.9,17.8,30,3
surface,斯里兰卡,103.8,22.0,30,2
surface,圣皮埃尔和密克隆群岛,137.5,15.8,20,2
surface,苏丹,141.3,16.9,30,1
surface,斯威士兰,89.4,22.6,30,3
surface,瑞典,152.8,25.5,20,2
surface,瑞士,115.2,23.0,30,2
surface,叙利亚,95.8,17.3,30,2
surface,塔吉克斯坦,92.2,17.8,20,2
surface,坦桑尼亚,105.1,16.9,30,3
surface,泰国,66.5,10.6,30,2
surface,汤加,85.5,15.9,20,3
surface,特里斯坦达库尼亚群岛,107.5,25.2,10,3
surface,土库曼斯坦,103.0,16.1,20,1
surface,特克斯和凯科斯群岛,91.0,30.9,20,3
surface,图瓦卢,86.0,16.4,20,3
surface,乌干达,106.0,16.8,30,1
surface,阿拉伯联合酋长国,94.1,15.6,30,1
surface,英国,108.1,22.4,30,2
surface,乌兹别克斯坦,124.9,18.4,20,3
surface,瓦努阿图,84.9,20.0,20,3
surface,越南社会主义共和国,60.7,4.8,30,2
surface,英属维尔京群岛,119.0,54.1,20,3
surface,美属维尔京群岛,83.5,20.0,31.5,3
surface,瓦里斯和富图纳群岛,216.0,89.5,20,3
surface,西萨摩亚,86.0,16.4,30,3
surface,也门共和国,96.2,17.7,40,1
surface,赞比亚,115.5,23.9,30,1
surface,津巴布韦,127.6,25.3,30,1
sal,阿尔巴尼亚,135.6,42.1,20,2
sal,阿尔及利亚,126.3,49.9,20,2
sal,美国,104.6,51.1,31.5,3
sal,安道尔,149.1,42.1,30,3
sal,安圭拉,122.1,67.2,25,2
sal,安提瓜和巴布达,122.1,67.2,20,3
sal,阿根廷,157.5,56.2,20,3
sal,亚美尼亚,155.5,55.8,20,2
sal,阿松森岛,102.1,47.2,30,3
sal,澳大利亚,117.2,53.4,20,3
sal,奥地利,123.9,40.5,31.5,2
sal,阿塞拜疆,152.0,59.7,30,2
sal,亚速尔群岛和马德拉群岛,148.0,47.1,20,3
sal,巴哈马群岛,145.0,79.7,20,3
sal,巴巴多斯,124.8,69.0,20,3
sal,白俄罗斯,121.5,53.0,30,3
sal,比利时,182.3,33.8,30,2
sal,伯里兹,143.8,78.8,25,
sal,贝宁,121.4,63.0,30,1
sal,百慕大群岛,159.4,70.6,20,1
sal,波黑,131.2,49.6,31.5,2
sal,博茨瓦纳,143.2,56.8,30,1
sal,巴西,158.1,55.2,30,3
sal,保加利亚,119.0,43.3,30,2
sal,布基纳法索,150.9,70.8,30,1
sal,喀麦隆,155.0,67.8,30,1
sal,加拿大,99.2,45.7,30,1
sal,加那利群岛,126.1,105.2,30,3
sal,中非共和国,173.1,65.3,30,2
sal,乍得,145.3,64.9,30,1
sal,智利,150.8,70.7,30,1
sal,哥伦比亚,132.6,67.5,50,2
sal,刚果民主共和国,175.1,70.9,30,1
sal,刚果共和国,148.3,73.1,30,2
sal,哥斯达黎加,115.5,55.5,30,1
sal,科特迪瓦,152.1,64.3,30,1
sal,克罗地亚,125.0,50.3,30,3
sal,古巴,130.1,49.7,10,2
sal,捷克共和国,118.4,42.7,30,1
sal,丹麦,121.3,40.9,20,2
sal,多米尼克,144.7,89.8,20,2
sal,多米尼加共和国,113.7,58.8,25,1
sal,厄瓜多尔,160.7,65.0,30,3
sal,萨尔瓦多,129.3,63.7,20,2
sal,厄立特里亚,158.5,67.4,20,3
sal,爱沙尼亚,137.0,50.6,30,2
sal,法罗群岛,121.3,40.9,20,2
sal,芬兰,159.4,44.5,31.5,3
sal,法国,149.1,42.1,30,3
sal,法属圭亚那,179.8,68.1,20,2
sal,加蓬,148.0,65.5,20,1
sal,格鲁吉亚,166.8,62.6,20,3
sal,德国,154.7,43.3,31.5,3
sal,直布罗陀,114.5,51.9,20,2
sal,希腊,122.4,53.9,20,2
sal,格陵兰岛,121.3,40.9,20,2
sal,格林纳达,131.0,74.5,20,3
sal,瓜德罗普岛,155.7,48.7,20,2
sal,圭亚那,107.4,48.0,20,
sal,匈牙利,121.4,43.3,20,1
sal,冰岛,140.5,54.1,30,2
sal,爱尔兰,124.1,44.3,30,2
sal,意大利,121.2,43.1,30,2
sal,牙买加,116.4,61.5,20,1
sal,日本,110.9,26.3,30,2
sal,韩国,96.0,29.0,20,3
sal,拉脱维亚,114.0,51.4,30,3
sal,黎巴嫩,122.5,54.0,30,3
sal,列支敦士登,117.2,42.4,30,2
sal,立陶宛,133.1,46.7,30,3
sal,卢森堡,120.0,41.9,30,1
sal,马其顿,125.8,51.9,30,2
sal,马里,151.8,69.1,30,2
sal,马耳他,148.3,56.6,30,3
sal,马尔维纳斯福克兰群岛,139.7,49.6,30,2
sal,马提尼克岛,155.7,48.7,20,2
sal,毛里塔尼亚,171.6,68.0,30,2
sal,摩尔多瓦,152.4,60.1,200,2
sal,摩纳哥,149.1,42.1,30,3
sal,蒙特塞拉特岛,125.7,70.8,20,3
sal,荷兰,122.8,42.4,30,2
sal,尼加拉瓜,130.3,61.8,30,1
sal,尼日尔,140.1,68.3,30,2
sal,尼日利亚,144.6,61.8,30,1
sal,挪威,138.0,44.5,30,2
sal,巴拿马,130.2,64.6,30,3
sal,巴拉圭,130.2,64.6,20,1
sal,秘鲁,150.4,72.1,31.5,3
sal,波兰,117.8,44.5,20,2
sal,葡萄牙,148.0,47.1,30,2
sal,罗马尼亚,128.2,45.6,30,3
sal,俄罗斯联邦,144.9,44.0,20,3
sal,圣马力诺,121.2,43.1,30,2
sal,塞内加尔,141.7,59.5,20,2
sal,斯洛伐克,110.4,43.6,20,2
sal,斯洛文尼亚,129.2,48.8,30,1
sal,南乔治亚岛和南桑德维奇岛,139.7,49.6,20,2
sal,西班牙,126.1,42.1,30,3
sal,圣赫勒拿岛,124.4,46.1,30,3
sal,圣基茨和尼维斯岛,145.9,73.7,20,1
sal,圣卢西亚,137.7,69.6,20,1
sal,圣文森特和格林纳丁斯,150.5,77.0,20,1
sal,苏里南,140.1,85.2,20,1
sal,瑞典,161.8,44.5,20,2
sal,瑞士,124.6,42.4,30,2
sal,多哥,145.7,65.9,30,1
sal,特立尼达和多巴哥,113.8,58.9,20,1
sal,突尼斯,108.5,53.6,30,2
sal,土耳其,120.8,54.0,30,2
sal,乌克兰,147.1,50.0,30,3
sal,英国,126.2,50.5,30,2
sal,乌拉圭,176.9,71.0,30,1
sal,凡蒂冈,101.7,46.8,20,2
sal,委内瑞拉,147.3,64.5,30,1
sal,塞尔维亚,145.4,42.4,30,2
sal,黑山,145.4,42.4,30,2
hktw_air,香港,76.9,21.0,30,2
hktw_air,澳门,108.9,28.7,31.5,2
hktw_air,台湾,99.5,21.0,30,2
hktw_surface,香港,60.7,4.8,30,2
hktw_surface,澳门,90.2,10.0,31.5,2
hktw_surface,台湾,89.5,5.0,30,2
